<?xml version="1.0" ?>
<solution>
   <Tasks id="38" MCP="0" Core="0" WCRT="73"/>
   <Tasks id="13" MCP="0" Core="0" WCRT="82"/>
   <Tasks id="64" MCP="0" Core="0" WCRT="745"/>
   <Tasks id="221" MCP="0" Core="0" WCRT="1297"/>
   <Tasks id="105" MCP="0" Core="0" WCRT="1555"/>
   <Tasks id="75" MCP="0" Core="0" WCRT="2278"/>
   <Tasks id="220" MCP="0" Core="0" WCRT="2688"/>
   <Tasks id="126" MCP="0" Core="0" WCRT="2905"/>
   <Tasks id="214" MCP="0" Core="0" WCRT="2973"/>
   <Tasks id="90" MCP="0" Core="0" WCRT="3004"/>
   <Tasks id="96" MCP="0" Core="0" WCRT="3016"/>
   <Tasks id="41" MCP="0" Core="1" WCRT="851"/>
   <Tasks id="111" MCP="0" Core="1" WCRT="943"/>
   <Tasks id="121" MCP="0" Core="1" WCRT="1003"/>
   <Tasks id="132" MCP="0" Core="1" WCRT="2072"/>
   <Tasks id="139" MCP="0" Core="1" WCRT="2382"/>
   <Tasks id="301" MCP="0" Core="1" WCRT="2656"/>
   <Tasks id="264" MCP="0" Core="1" WCRT="4804"/>
   <Tasks id="260" MCP="0" Core="1" WCRT="5882"/>
   <Tasks id="272" MCP="0" Core="1" WCRT="6183"/>
   <Tasks id="276" MCP="0" Core="1" WCRT="6432"/>
   <Tasks id="284" MCP="0" Core="1" WCRT="41281"/>
   <Tasks id="288" MCP="0" Core="1" WCRT="42336"/>
   <Tasks id="87" MCP="0" Core="1" WCRT="42777"/>
   <Tasks id="30" MCP="0" Core="1" WCRT="43148"/>
   <Tasks id="149" MCP="0" Core="2" WCRT="637"/>
   <Tasks id="271" MCP="0" Core="2" WCRT="686"/>
   <Tasks id="128" MCP="0" Core="2" WCRT="4145"/>
   <Tasks id="283" MCP="0" Core="2" WCRT="4293"/>
   <Tasks id="183" MCP="0" Core="2" WCRT="4631"/>
   <Tasks id="273" MCP="0" Core="2" WCRT="4639"/>
   <Tasks id="91" MCP="0" Core="2" WCRT="4715"/>
   <Tasks id="253" MCP="0" Core="2" WCRT="4737"/>
   <Tasks id="286" MCP="0" Core="2" WCRT="42079"/>
   <Tasks id="201" MCP="0" Core="2" WCRT="46533"/>
   <Tasks id="49" MCP="0" Core="2" WCRT="48941"/>
   <Tasks id="188" MCP="0" Core="2" WCRT="49289"/>
   <Tasks id="227" MCP="1" Core="0" WCRT="308"/>
   <Tasks id="251" MCP="1" Core="0" WCRT="552"/>
   <Tasks id="73" MCP="1" Core="0" WCRT="578"/>
   <Tasks id="290" MCP="1" Core="0" WCRT="993"/>
   <Tasks id="228" MCP="1" Core="0" WCRT="1583"/>
   <Tasks id="278" MCP="1" Core="0" WCRT="1810"/>
   <Tasks id="213" MCP="1" Core="0" WCRT="1924"/>
   <Tasks id="205" MCP="1" Core="0" WCRT="2000"/>
   <Tasks id="72" MCP="1" Core="0" WCRT="2093"/>
   <Tasks id="197" MCP="1" Core="0" WCRT="3642"/>
   <Tasks id="53" MCP="1" Core="0" WCRT="4036"/>
   <Tasks id="104" MCP="1" Core="1" WCRT="654"/>
   <Tasks id="226" MCP="1" Core="1" WCRT="973"/>
   <Tasks id="58" MCP="1" Core="1" WCRT="1186"/>
   <Tasks id="142" MCP="1" Core="1" WCRT="1422"/>
   <Tasks id="254" MCP="1" Core="1" WCRT="1599"/>
   <Tasks id="55" MCP="1" Core="1" WCRT="1639"/>
   <Tasks id="127" MCP="1" Core="1" WCRT="1857"/>
   <Tasks id="47" MCP="1" Core="1" WCRT="1954"/>
   <Tasks id="70" MCP="1" Core="1" WCRT="2077"/>
   <Tasks id="185" MCP="1" Core="1" WCRT="2146"/>
   <Tasks id="77" MCP="2" Core="0" WCRT="744"/>
   <Tasks id="266" MCP="2" Core="0" WCRT="1485"/>
   <Tasks id="54" MCP="2" Core="0" WCRT="1777"/>
   <Tasks id="130" MCP="2" Core="0" WCRT="2066"/>
   <Tasks id="99" MCP="2" Core="0" WCRT="2169"/>
   <Tasks id="190" MCP="2" Core="0" WCRT="2237"/>
   <Tasks id="247" MCP="2" Core="0" WCRT="2788"/>
   <Tasks id="150" MCP="2" Core="0" WCRT="3317"/>
   <Tasks id="100" MCP="2" Core="0" WCRT="3420"/>
   <Tasks id="27" MCP="2" Core="0" WCRT="3492"/>
   <Tasks id="34" MCP="2" Core="0" WCRT="3562"/>
   <Tasks id="192" MCP="2" Core="1" WCRT="948"/>
   <Tasks id="297" MCP="2" Core="1" WCRT="3658"/>
   <Tasks id="125" MCP="2" Core="1" WCRT="3768"/>
   <Tasks id="124" MCP="2" Core="1" WCRT="3796"/>
   <Tasks id="46" MCP="2" Core="1" WCRT="3963"/>
   <Tasks id="234" MCP="2" Core="1" WCRT="6360"/>
   <Tasks id="81" MCP="2" Core="1" WCRT="7274"/>
   <Tasks id="118" MCP="2" Core="1" WCRT="7954"/>
   <Tasks id="232" MCP="2" Core="1" WCRT="8252"/>
   <Tasks id="108" MCP="2" Core="1" WCRT="8296"/>
   <Tasks id="257" MCP="2" Core="2" WCRT="344"/>
   <Tasks id="116" MCP="2" Core="2" WCRT="1523"/>
   <Tasks id="259" MCP="2" Core="2" WCRT="2079"/>
   <Tasks id="92" MCP="2" Core="2" WCRT="2586"/>
   <Tasks id="97" MCP="2" Core="2" WCRT="2793"/>
   <Tasks id="115" MCP="2" Core="2" WCRT="4030"/>
   <Tasks id="187" MCP="2" Core="2" WCRT="4973"/>
   <Tasks id="299" MCP="2" Core="2" WCRT="17204"/>
   <Tasks id="146" MCP="2" Core="2" WCRT="28379"/>
   <Tasks id="144" MCP="2" Core="2" WCRT="35846"/>
   <Tasks id="133" MCP="2" Core="2" WCRT="42721"/>
   <Tasks id="281" MCP="2" Core="2" WCRT="45553"/>
   <Tasks id="287" MCP="2" Core="2" WCRT="47705"/>
   <Tasks id="136" MCP="2" Core="2" WCRT="49717"/>
   <Tasks id="279" MCP="2" Core="2" WCRT="51514"/>
   <Tasks id="210" MCP="2" Core="2" WCRT="52953"/>
   <Tasks id="82" MCP="2" Core="2" WCRT="53815"/>
   <Tasks id="110" MCP="2" Core="2" WCRT="54462"/>
   <Tasks id="29" MCP="2" Core="2" WCRT="55072"/>
   <Tasks id="198" MCP="2" Core="2" WCRT="55679"/>
   <Tasks id="51" MCP="2" Core="2" WCRT="56256"/>
   <Tasks id="129" MCP="2" Core="2" WCRT="56570"/>
   <Tasks id="61" MCP="2" Core="2" WCRT="56586"/>
   <Tasks id="255" MCP="2" Core="3" WCRT="184"/>
   <Tasks id="200" MCP="2" Core="3" WCRT="254"/>
   <Tasks id="280" MCP="2" Core="3" WCRT="4019"/>
   <Tasks id="285" MCP="2" Core="3" WCRT="4634"/>
   <Tasks id="68" MCP="2" Core="3" WCRT="5131"/>
   <Tasks id="248" MCP="2" Core="3" WCRT="5362"/>
   <Tasks id="103" MCP="2" Core="3" WCRT="5397"/>
   <Tasks id="71" MCP="2" Core="3" WCRT="6834"/>
   <Tasks id="79" MCP="2" Core="3" WCRT="7470"/>
   <Tasks id="83" MCP="2" Core="3" WCRT="8019"/>
   <Tasks id="243" MCP="2" Core="3" WCRT="8530"/>
   <Tasks id="137" MCP="2" Core="3" WCRT="23097"/>
   <Tasks id="134" MCP="2" Core="3" WCRT="29379"/>
   <Tasks id="42" MCP="2" Core="3" WCRT="31715"/>
   <Tasks id="209" MCP="2" Core="3" WCRT="33612"/>
   <Tasks id="28" MCP="2" Core="3" WCRT="34001"/>
   <Tasks id="208" MCP="2" Core="3" WCRT="34102"/>
   <Tasks id="36" MCP="2" Core="3" WCRT="34154"/>
   <Tasks id="263" MCP="3" Core="0" WCRT="373"/>
   <Tasks id="218" MCP="3" Core="0" WCRT="403"/>
   <Tasks id="78" MCP="3" Core="0" WCRT="433"/>
   <Tasks id="295" MCP="3" Core="0" WCRT="2291"/>
   <Tasks id="298" MCP="3" Core="0" WCRT="2745"/>
   <Tasks id="65" MCP="3" Core="0" WCRT="4133"/>
   <Tasks id="123" MCP="3" Core="0" WCRT="4195"/>
   <Tasks id="40" MCP="3" Core="0" WCRT="4211"/>
   <Tasks id="140" MCP="3" Core="0" WCRT="16072"/>
   <Tasks id="196" MCP="3" Core="0" WCRT="18283"/>
   <Tasks id="50" MCP="3" Core="0" WCRT="20459"/>
   <Tasks id="256" MCP="3" Core="0" WCRT="22300"/>
   <Tasks id="189" MCP="3" Core="0" WCRT="23901"/>
   <Tasks id="119" MCP="3" Core="0" WCRT="24563"/>
   <Tasks id="240" MCP="3" Core="0" WCRT="25207"/>
   <Tasks id="66" MCP="3" Core="0" WCRT="25761"/>
   <Tasks id="93" MCP="3" Core="1" WCRT="96"/>
   <Tasks id="270" MCP="3" Core="1" WCRT="110"/>
   <Tasks id="293" MCP="3" Core="1" WCRT="380"/>
   <Tasks id="60" MCP="3" Core="1" WCRT="2692"/>
   <Tasks id="85" MCP="3" Core="1" WCRT="3481"/>
   <Tasks id="217" MCP="3" Core="1" WCRT="3898"/>
   <Tasks id="122" MCP="3" Core="1" WCRT="4252"/>
   <Tasks id="57" MCP="3" Core="1" WCRT="4290"/>
   <Tasks id="219" MCP="3" Core="1" WCRT="4300"/>
   <Tasks id="35" MCP="3" Core="1" WCRT="7571"/>
   <Tasks id="52" MCP="3" Core="1" WCRT="9321"/>
   <Tasks id="179" MCP="3" Core="1" WCRT="9960"/>
   <Tasks id="186" MCP="3" Core="1" WCRT="10434"/>
   <Tasks id="37" MCP="3" Core="1" WCRT="10905"/>
   <Tasks id="88" MCP="3" Core="2" WCRT="315"/>
   <Tasks id="215" MCP="3" Core="2" WCRT="378"/>
   <Tasks id="62" MCP="3" Core="2" WCRT="385"/>
   <Tasks id="3" MCP="3" Core="2" WCRT="388"/>
   <Tasks id="211" MCP="3" Core="2" WCRT="1406"/>
   <Tasks id="199" MCP="3" Core="2" WCRT="2339"/>
   <Tasks id="237" MCP="3" Core="2" WCRT="2825"/>
   <Tasks id="267" MCP="3" Core="2" WCRT="13187"/>
   <Tasks id="231" MCP="3" Core="2" WCRT="15558"/>
   <Tasks id="59" MCP="3" Core="2" WCRT="17798"/>
   <Tasks id="296" MCP="3" Core="2" WCRT="19845"/>
   <Tasks id="131" MCP="3" Core="2" WCRT="21287"/>
   <Tasks id="261" MCP="3" Core="2" WCRT="22622"/>
   <Tasks id="184" MCP="3" Core="2" WCRT="23788"/>
   <Tasks id="206" MCP="3" Core="2" WCRT="24315"/>
   <Tasks id="45" MCP="3" Core="2" WCRT="24803"/>
   <Tasks id="43" MCP="3" Core="2" WCRT="25180"/>
   <Tasks id="225" MCP="4" Core="0" WCRT="401"/>
   <Tasks id="182" MCP="4" Core="0" WCRT="785"/>
   <Tasks id="177" MCP="4" Core="0" WCRT="1142"/>
   <Tasks id="268" MCP="4" Core="0" WCRT="1461"/>
   <Tasks id="86" MCP="4" Core="0" WCRT="1574"/>
   <Tasks id="76" MCP="4" Core="0" WCRT="1636"/>
   <Tasks id="294" MCP="4" Core="0" WCRT="3077"/>
   <Tasks id="245" MCP="4" Core="0" WCRT="3676"/>
   <Tasks id="258" MCP="4" Core="0" WCRT="4279"/>
   <Tasks id="44" MCP="4" Core="0" WCRT="4321"/>
   <Tasks id="235" MCP="4" Core="0" WCRT="4332"/>
   <Tasks id="207" MCP="4" Core="0" WCRT="4769"/>
   <Tasks id="138" MCP="4" Core="1" WCRT="893"/>
   <Tasks id="291" MCP="4" Core="1" WCRT="1633"/>
   <Tasks id="147" MCP="4" Core="1" WCRT="2356"/>
   <Tasks id="107" MCP="4" Core="1" WCRT="3529"/>
   <Tasks id="143" MCP="4" Core="1" WCRT="3898"/>
   <Tasks id="112" MCP="4" Core="1" WCRT="5623"/>
   <Tasks id="269" MCP="4" Core="1" WCRT="6601"/>
   <Tasks id="191" MCP="4" Core="1" WCRT="7300"/>
   <Tasks id="277" MCP="4" Core="1" WCRT="7401"/>
   <Tasks id="135" MCP="4" Core="1" WCRT="18279"/>
   <Tasks id="145" MCP="4" Core="1" WCRT="26517"/>
   <Tasks id="141" MCP="4" Core="1" WCRT="30400"/>
   <Tasks id="114" MCP="4" Core="1" WCRT="33615"/>
   <Tasks id="195" MCP="4" Core="1" WCRT="36617"/>
   <Tasks id="212" MCP="4" Core="1" WCRT="38829"/>
   <Tasks id="26" MCP="4" Core="1" WCRT="40660"/>
   <Tasks id="300" MCP="4" Core="1" WCRT="42423"/>
   <Tasks id="106" MCP="4" Core="1" WCRT="44052"/>
   <Tasks id="178" MCP="4" Core="1" WCRT="45504"/>
   <Tasks id="282" MCP="4" Core="1" WCRT="46914"/>
   <Tasks id="262" MCP="4" Core="1" WCRT="47788"/>
   <Tasks id="194" MCP="4" Core="1" WCRT="48415"/>
   <Tasks id="56" MCP="4" Core="1" WCRT="48672"/>
   <Tasks id="233" MCP="5" Core="0" WCRT="616"/>
   <Tasks id="74" MCP="5" Core="0" WCRT="971"/>
   <Tasks id="109" MCP="5" Core="0" WCRT="1322"/>
   <Tasks id="265" MCP="5" Core="0" WCRT="1342"/>
   <Tasks id="239" MCP="5" Core="0" WCRT="1623"/>
   <Tasks id="246" MCP="5" Core="0" WCRT="1695"/>
   <Tasks id="39" MCP="5" Core="0" WCRT="1711"/>
   <Tasks id="252" MCP="5" Core="0" WCRT="1722"/>
   <Tasks id="289" MCP="5" Core="0" WCRT="17675"/>
   <Tasks id="120" MCP="5" Core="0" WCRT="19989"/>
   <Tasks id="202" MCP="5" Core="0" WCRT="21950"/>
   <Tasks id="222" MCP="5" Core="0" WCRT="23347"/>
   <Tasks id="113" MCP="5" Core="0" WCRT="24641"/>
   <Tasks id="204" MCP="5" Core="0" WCRT="24957"/>
   <Tasks id="275" MCP="5" Core="1" WCRT="58"/>
   <Tasks id="98" MCP="5" Core="1" WCRT="103"/>
   <Tasks id="242" MCP="5" Core="1" WCRT="113"/>
   <Tasks id="63" MCP="5" Core="1" WCRT="533"/>
   <Tasks id="274" MCP="5" Core="1" WCRT="628"/>
   <Tasks id="80" MCP="5" Core="1" WCRT="890"/>
   <Tasks id="249" MCP="5" Core="1" WCRT="979"/>
   <Tasks id="244" MCP="5" Core="1" WCRT="1005"/>
   <Tasks id="94" MCP="5" Core="1" WCRT="1026"/>
   <Tasks id="69" MCP="5" Core="1" WCRT="1541"/>
   <Tasks id="224" MCP="5" Core="2" WCRT="182"/>
   <Tasks id="117" MCP="5" Core="2" WCRT="354"/>
   <Tasks id="48" MCP="5" Core="2" WCRT="491"/>
   <Tasks id="31" MCP="5" Core="2" WCRT="516"/>
   <Tasks id="292" MCP="5" Core="2" WCRT="862"/>
   <Tasks id="148" MCP="5" Core="2" WCRT="1136"/>
   <Tasks id="84" MCP="5" Core="2" WCRT="1288"/>
   <Tasks id="193" MCP="5" Core="2" WCRT="1957"/>
   <Tasks id="230" MCP="5" Core="2" WCRT="2465"/>
   <Tasks id="223" MCP="5" Core="2" WCRT="2662"/>
   <Tasks id="180" MCP="5" Core="2" WCRT="2844"/>
   <Tasks id="33" MCP="5" Core="3" WCRT="265"/>
   <Tasks id="101" MCP="5" Core="3" WCRT="495"/>
   <Tasks id="67" MCP="5" Core="3" WCRT="646"/>
   <Tasks id="181" MCP="5" Core="3" WCRT="714"/>
   <Tasks id="229" MCP="5" Core="3" WCRT="726"/>
   <Tasks id="236" MCP="5" Core="3" WCRT="1062"/>
   <Tasks id="216" MCP="5" Core="3" WCRT="1095"/>
   <Tasks id="32" MCP="5" Core="3" WCRT="1159"/>
   <Tasks id="241" MCP="5" Core="3" WCRT="1219"/>
   <Tasks id="95" MCP="5" Core="3" WCRT="1229"/>
   <Tasks id="102" MCP="5" Core="3" WCRT="1237"/>
   <Tasks id="250" MCP="5" Core="3" WCRT="1244"/>
</solution>
<!-- Total Laxity: 2888492 -->