<?xml version="1.0" ?>
<solution>
   <Tasks id="60" MCP="0" Core="0" WCRT="388"/>
   <Tasks id="66" MCP="0" Core="0" WCRT="715"/>
   <Tasks id="27" MCP="0" Core="0" WCRT="958"/>
   <Tasks id="38" MCP="0" Core="0" WCRT="1096"/>
   <Tasks id="90" MCP="0" Core="0" WCRT="1124"/>
   <Tasks id="138" MCP="0" Core="0" WCRT="1581"/>
   <Tasks id="89" MCP="0" Core="0" WCRT="1681"/>
   <Tasks id="51" MCP="0" Core="0" WCRT="3450"/>
   <Tasks id="82" MCP="0" Core="0" WCRT="4211"/>
   <Tasks id="106" MCP="0" Core="0" WCRT="4944"/>
   <Tasks id="70" MCP="0" Core="0" WCRT="5243"/>
   <Tasks id="122" MCP="0" Core="0" WCRT="5426"/>
   <Tasks id="142" MCP="0" Core="0" WCRT="6309"/>
   <Tasks id="65" MCP="0" Core="0" WCRT="6499"/>
   <Tasks id="118" MCP="0" Core="1" WCRT="250"/>
   <Tasks id="40" MCP="0" Core="1" WCRT="445"/>
   <Tasks id="42" MCP="0" Core="1" WCRT="603"/>
   <Tasks id="100" MCP="0" Core="1" WCRT="633"/>
   <Tasks id="136" MCP="0" Core="1" WCRT="748"/>
   <Tasks id="26" MCP="0" Core="1" WCRT="897"/>
   <Tasks id="72" MCP="0" Core="1" WCRT="1092"/>
   <Tasks id="101" MCP="0" Core="1" WCRT="1275"/>
   <Tasks id="64" MCP="0" Core="1" WCRT="1429"/>
   <Tasks id="96" MCP="0" Core="1" WCRT="1561"/>
   <Tasks id="92" MCP="0" Core="1" WCRT="1567"/>
   <Tasks id="28" MCP="0" Core="1" WCRT="1719"/>
   <Tasks id="37" MCP="0" Core="1" WCRT="1807"/>
   <Tasks id="54" MCP="0" Core="2" WCRT="738"/>
   <Tasks id="120" MCP="0" Core="2" WCRT="1206"/>
   <Tasks id="78" MCP="0" Core="2" WCRT="1430"/>
   <Tasks id="83" MCP="0" Core="2" WCRT="1547"/>
   <Tasks id="144" MCP="0" Core="2" WCRT="6051"/>
   <Tasks id="145" MCP="0" Core="2" WCRT="7689"/>
   <Tasks id="150" MCP="0" Core="2" WCRT="11655"/>
   <Tasks id="105" MCP="0" Core="2" WCRT="15522"/>
   <Tasks id="97" MCP="0" Core="2" WCRT="16297"/>
   <Tasks id="75" MCP="0" Core="2" WCRT="21947"/>
   <Tasks id="47" MCP="0" Core="2" WCRT="24259"/>
   <Tasks id="63" MCP="0" Core="2" WCRT="24906"/>
   <Tasks id="56" MCP="0" Core="2" WCRT="25310"/>
   <Tasks id="67" MCP="0" Core="2" WCRT="25602"/>
   <Tasks id="43" MCP="1" Core="0" WCRT="334"/>
   <Tasks id="108" MCP="1" Core="0" WCRT="432"/>
   <Tasks id="55" MCP="1" Core="0" WCRT="504"/>
   <Tasks id="68" MCP="1" Core="0" WCRT="565"/>
   <Tasks id="149" MCP="1" Core="0" WCRT="960"/>
   <Tasks id="93" MCP="1" Core="0" WCRT="1045"/>
   <Tasks id="98" MCP="1" Core="0" WCRT="1054"/>
   <Tasks id="3" MCP="1" Core="0" WCRT="1060"/>
   <Tasks id="110" MCP="1" Core="0" WCRT="1506"/>
   <Tasks id="94" MCP="1" Core="0" WCRT="1625"/>
   <Tasks id="34" MCP="1" Core="0" WCRT="1700"/>
   <Tasks id="76" MCP="1" Core="0" WCRT="1736"/>
   <Tasks id="99" MCP="1" Core="0" WCRT="1742"/>
   <Tasks id="86" MCP="1" Core="1" WCRT="603"/>
   <Tasks id="87" MCP="1" Core="1" WCRT="1077"/>
   <Tasks id="115" MCP="1" Core="1" WCRT="1450"/>
   <Tasks id="134" MCP="1" Core="1" WCRT="1636"/>
   <Tasks id="137" MCP="1" Core="1" WCRT="4384"/>
   <Tasks id="147" MCP="1" Core="1" WCRT="6396"/>
   <Tasks id="131" MCP="1" Core="1" WCRT="7514"/>
   <Tasks id="119" MCP="1" Core="1" WCRT="8108"/>
   <Tasks id="128" MCP="1" Core="1" WCRT="8479"/>
   <Tasks id="91" MCP="1" Core="1" WCRT="8682"/>
   <Tasks id="121" MCP="1" Core="1" WCRT="12258"/>
   <Tasks id="32" MCP="1" Core="1" WCRT="13093"/>
   <Tasks id="141" MCP="1" Core="1" WCRT="23402"/>
   <Tasks id="129" MCP="1" Core="1" WCRT="25881"/>
   <Tasks id="109" MCP="1" Core="1" WCRT="27055"/>
   <Tasks id="133" MCP="2" Core="0" WCRT="2326"/>
   <Tasks id="31" MCP="2" Core="0" WCRT="3031"/>
   <Tasks id="49" MCP="2" Core="0" WCRT="3213"/>
   <Tasks id="113" MCP="2" Core="0" WCRT="3292"/>
   <Tasks id="52" MCP="2" Core="0" WCRT="3312"/>
   <Tasks id="130" MCP="2" Core="0" WCRT="8468"/>
   <Tasks id="143" MCP="2" Core="0" WCRT="9979"/>
   <Tasks id="146" MCP="2" Core="0" WCRT="10456"/>
   <Tasks id="69" MCP="2" Core="0" WCRT="10628"/>
   <Tasks id="140" MCP="2" Core="0" WCRT="25664"/>
   <Tasks id="112" MCP="2" Core="0" WCRT="38321"/>
   <Tasks id="30" MCP="2" Core="0" WCRT="41774"/>
   <Tasks id="116" MCP="2" Core="0" WCRT="43803"/>
   <Tasks id="139" MCP="2" Core="0" WCRT="44820"/>
   <Tasks id="46" MCP="2" Core="0" WCRT="45588"/>
   <Tasks id="73" MCP="2" Core="1" WCRT="410"/>
   <Tasks id="103" MCP="2" Core="1" WCRT="720"/>
   <Tasks id="36" MCP="2" Core="1" WCRT="745"/>
   <Tasks id="84" MCP="2" Core="1" WCRT="763"/>
   <Tasks id="74" MCP="2" Core="1" WCRT="1688"/>
   <Tasks id="125" MCP="2" Core="1" WCRT="1815"/>
   <Tasks id="123" MCP="2" Core="1" WCRT="1873"/>
   <Tasks id="95" MCP="2" Core="1" WCRT="1893"/>
   <Tasks id="77" MCP="2" Core="1" WCRT="1900"/>
   <Tasks id="50" MCP="2" Core="1" WCRT="2280"/>
   <Tasks id="107" MCP="2" Core="1" WCRT="2648"/>
   <Tasks id="85" MCP="2" Core="1" WCRT="2803"/>
   <Tasks id="59" MCP="2" Core="2" WCRT="268"/>
   <Tasks id="62" MCP="2" Core="2" WCRT="531"/>
   <Tasks id="114" MCP="2" Core="2" WCRT="707"/>
   <Tasks id="88" MCP="2" Core="2" WCRT="821"/>
   <Tasks id="44" MCP="2" Core="2" WCRT="871"/>
   <Tasks id="57" MCP="2" Core="2" WCRT="878"/>
   <Tasks id="102" MCP="2" Core="2" WCRT="1041"/>
   <Tasks id="29" MCP="2" Core="2" WCRT="1157"/>
   <Tasks id="41" MCP="2" Core="2" WCRT="1875"/>
   <Tasks id="132" MCP="2" Core="2" WCRT="11677"/>
   <Tasks id="53" MCP="2" Core="2" WCRT="14267"/>
   <Tasks id="80" MCP="2" Core="2" WCRT="14919"/>
   <Tasks id="39" MCP="2" Core="2" WCRT="15072"/>
   <Tasks id="117" MCP="2" Core="3" WCRT="389"/>
   <Tasks id="35" MCP="2" Core="3" WCRT="766"/>
   <Tasks id="58" MCP="2" Core="3" WCRT="1048"/>
   <Tasks id="61" MCP="2" Core="3" WCRT="1507"/>
   <Tasks id="148" MCP="2" Core="3" WCRT="1596"/>
   <Tasks id="104" MCP="2" Core="3" WCRT="2889"/>
   <Tasks id="124" MCP="2" Core="3" WCRT="3182"/>
   <Tasks id="127" MCP="2" Core="3" WCRT="3406"/>
   <Tasks id="71" MCP="2" Core="3" WCRT="3414"/>
   <Tasks id="135" MCP="2" Core="3" WCRT="6309"/>
   <Tasks id="33" MCP="2" Core="3" WCRT="7794"/>
   <Tasks id="45" MCP="2" Core="3" WCRT="8685"/>
   <Tasks id="81" MCP="2" Core="3" WCRT="9268"/>
   <Tasks id="79" MCP="2" Core="3" WCRT="9628"/>
   <Tasks id="48" MCP="2" Core="3" WCRT="9863"/>
</solution>
<!-- Total Laxity: 854180 -->